Model,Accuracy,Macro-F1
Calibrated Random Forest,0.770345596432553,0.5336651410220656
Random Forest,0.7658862876254181,0.5319932484271904
Stacking (3-class),0.7525083612040134,0.5082655369545125
Tuned XGBoost,0.7491638795986622,0.49046416801778875
Hierarchical 2-stage,0.7435897435897436,0.5109688475010552
Tuned LightGBM,0.7402452619843924,0.48083758515037994
